time,X_value,Y_value,Z_value
0.025,-1.45512,5.07154,-14.18289
0.146,-1.49698,5.02913,-14.19461
0.264,-1.52371,4.96444,-14.20347
0.384,-1.62814,4.78441,-14.20557
0.449,-1.63941,4.5612,-14.2147
0.574,-1.65129,4.3105,-14.22589
0.624,-1.68366,4.24572,-14.22781
0.748,-1.73283,4.0327,-14.22984
0.868,-1.7803,3.85508,-14.23823
0.933,-1.74888,3.75959,-14.24815
1.049,-1.81156,3.65931,-14.26623
1.168,-1.88873,3.35316,-14.28097
1.226,-1.91507,3.20469,-14.2829
1.346,-1.95264,2.8623,-14.28662
1.467,-1.99476,2.57096,-14.30662
1.529,-2.01751,2.49086,-14.31151
1.648,-2.11949,2.21679,-14.32024
1.768,-2.19488,1.95206,-14.33279
1.828,-2.20578,1.84943,-14.34178
1.95,-2.28697,1.38647,-14.35775
2.068,-2.50271,1.16254,-14.36272
2.136,-2.48545,0.91112,-14.36547
2.262,-2.60026,0.65119,-14.38384
2.372,-2.61763,0.48,-14.42422
2.434,-2.57264,0.28945,-14.43472
2.591,-2.40814,-0.04191,-14.43617
2.673,-2.39488,-0.36665,-14.45709
2.728,-2.48648,-0.50416,-14.46969
2.854,-2.45441,-0.67962,-14.48997
2.974,-2.49599,-1.01921,-14.49724
3.029,-2.52537,-1.12346,-14.50047
3.154,-2.51532,-1.45748,-14.51971
3.273,-2.66816,-1.56497,-14.53992
3.333,-2.74335,-1.88686,-14.57711
3.447,-2.87287,-2.10409,-14.59598
3.569,-2.88963,-2.31494,-14.60854
3.639,-2.93707,-2.56736,-14.61901
3.75,-2.93704,-2.7684,-14.65517
3.868,-2.91158,-2.89108,-14.70248
3.942,-2.93497,-2.97322,-14.71119
4.056,-3.0332,-2.97469,-14.72695
4.17,-3.04992,-3.07462,-14.77796
4.231,-3.13614,-3.21097,-14.79196
4.353,-3.15513,-3.29053,-14.82557
4.479,-3.10502,-3.30861,-14.85863
4.531,-3.13515,-3.37338,-14.87989
4.65,-3.11012,-3.37017,-14.90869
4.779,-2.98187,-3.37712,-14.94065
4.834,-2.99758,-3.33907,-14.95216
4.948,-3.01934,-3.36699,-15.00935
5.125,-3.05423,-3.26141,-15.04047
5.132,-3.01917,-3.34198,-15.04201
5.252,-3.10046,-3.30739,-15.10086
5.369,-2.99231,-3.41721,-15.12679
5.432,-2.98609,-3.56253,-15.14843
5.552,-3.00552,-3.65564,-15.17542
5.671,-2.9188,-3.58294,-15.2108
5.742,-2.85306,-3.55904,-15.21604
5.856,-2.98263,-3.74759,-15.24785
5.972,-3.11816,-3.71037,-15.27242
6.036,-3.15639,-3.80923,-15.26666
6.153,-3.03385,-3.70998,-15.25885
6.274,-2.93602,-3.83956,-15.24187
6.33,-2.89121,-3.74683,-15.24059
6.475,-2.81625,-3.37375,-15.24753
6.573,-2.67423,-2.75169,-15.21956
6.631,-2.65068,-2.57687,-15.21538
6.751,-2.52479,-2.1233,-15.21631
6.871,-2.51368,-1.78929,-15.20833
6.934,-2.47408,-1.48272,-15.21057
7.052,-2.57625,-1.12295,-15.21708
7.173,-2.4957,-0.84444,-15.22366
7.232,-2.53355,-0.66459,-15.21587
7.35,-2.48312,-0.48843,-15.20802
7.472,-2.58577,-0.17652,-15.20716
7.54,-2.67368,-0.12023,-15.21364
7.653,-2.65147,0.05622,-15.20113
7.774,-2.70603,-0.00256,-15.19988
7.832,-2.77853,0.01906,-15.1967
7.96,-2.76442,-0.01208,-15.19672
8.074,-2.86655,-0.04685,-15.19886
8.135,-2.85718,-0.07583,-15.1859
8.284,-2.74117,0.01681,-15.17085
8.381,-2.77105,0.03902,-15.16914
8.433,-2.75959,0.05466,-15.16642
8.555,-2.77224,-0.18085,-15.17043
8.715,-2.82247,-0.59157,-15.1582
8.737,-2.73028,-0.36096,-15.16406
8.861,-2.72279,-0.48523,-15.13407
8.98,-2.57095,-0.67354,-15.13812
9.036,-2.56305,-0.64658,-15.13419
9.153,-2.18329,-0.65114,-15.12416
9.272,-2.06609,-0.90226,-15.12102
9.334,-1.98347,-0.96243,-15.12336
9.455,-1.71701,-1.13073,-15.13149
9.576,-1.54799,-1.327,-15.12573
9.641,-1.54796,-1.46026,-15.13005
9.754,-1.52898,-1.43161,-15.13605
9.873,-1.53205,-1.68413,-15.17126
9.959,-1.50621,-1.77915,-15.17066
10.057,-1.69065,-1.99178,-15.1814
10.177,-1.88888,-2.02969,-15.19059
10.235,-1.9448,-2.01871,-15.20364
10.358,-2.12221,-2.08422,-15.20555
10.476,-2.1836,-2.12853,-15.21437
10.539,-2.43392,-2.149,-15.2189
10.657,-2.53785,-2.12093,-15.23076
10.786,-2.65661,-1.91792,-15.23218
10.835,-2.66675,-1.81392,-15.24558
10.957,-2.68376,-1.58116,-15.26022
11.084,-2.71114,-1.60144,-15.28191
11.135,-2.6857,-1.64672,-15.29754
11.259,-2.65936,-1.56736,-15.32273
11.375,-2.8419,-1.49121,-15.35063
11.435,-2.88651,-1.31197,-15.35846
11.561,-2.88012,-0.65143,-15.39571
11.675,-2.90957,-0.34574,-15.41568
11.739,-2.98693,-0.16819,-15.43105
11.861,-3.12399,-0.05626,-15.4569
11.983,-3.29173,0.15524,-15.50246
12.042,-3.31223,0.20558,-15.52247
12.166,-3.29809,0.28352,-15.56708
12.288,-3.29161,0.24671,-15.60121
12.338,-3.29549,0.07731,-15.6027
12.461,-3.09271,-0.02406,-15.58559
12.584,-2.95994,0.55159,-15.57919
12.638,-2.85027,0.86304,-15.57832
12.756,-2.73701,1.27911,-15.56176
12.877,-2.71795,1.16044,-15.53817
12.939,-2.77875,1.13692,-15.52383
13.059,-2.68647,1.20403,-15.51915
13.179,-2.64725,1.40821,-15.50636
13.238,-2.57785,1.46042,-15.48833
13.357,-2.59114,1.43542,-15.47021
13.477,-2.38698,1.65487,-15.44671
13.541,-2.29849,1.7916,-15.44666
13.66,-2.1668,1.75021,-15.43531
13.779,-2.0834,1.78176,-15.4103
13.838,-1.93299,1.87281,-15.40157
13.961,-1.71175,2.10317,-15.38018
14.081,-1.58786,2.13193,-15.37726
14.139,-1.52798,2.04995,-15.37869
14.295,-1.56724,1.91811,-15.37239
14.387,-1.9039,1.78114,-15.37983
14.442,-2.09217,1.77896,-15.39612
14.559,-2.46616,1.78732,-15.39729
14.679,-2.97852,1.95069,-15.4132
14.742,-3.14999,2.10252,-15.40604
14.86,-3.6068,2.24157,-15.37093
14.978,-3.83405,1.80491,-15.36358
15.043,-3.80933,1.60193,-15.3687
15.163,-3.81211,1.69127,-15.35881
15.278,-3.66299,1.98541,-15.33446
15.343,-3.63686,1.86581,-15.30964
15.459,-3.65163,1.87097,-15.2938
15.58,-3.53804,1.98286,-15.27138
15.662,-3.41939,2.09595,-15.26302
15.761,-3.3238,1.78448,-15.24982
15.883,-3.14519,1.78653,-15.24643
15.94,-3.01985,2.00516,-15.24948
16.067,-3.00153,1.9484,-15.23952
16.194,-3.03666,1.93885,-15.24218
16.242,-3.12288,1.80208,-15.25568
16.362,-3.19123,1.98147,-15.26541
16.481,-3.18189,2.05192,-15.26884
16.539,-3.16356,2.1491,-15.2707
16.664,-3.18693,1.99769,-15.27766
16.78,-3.08234,1.80435,-15.2826
16.851,-3.00503,1.78519,-15.26747
16.964,-2.79082,1.89178,-15.27384
17.084,-2.63083,1.99028,-15.26781
17.162,-2.50505,2.02814,-15.26552
17.267,-2.30604,2.21756,-15.23541
17.382,-2.11733,2.40851,-15.21313
17.454,-2.05517,2.50326,-15.20927
17.575,-1.95564,2.85412,-15.19232
17.685,-1.80281,3.15645,-15.17347
17.746,-1.73208,3.21958,-15.16484
17.864,-1.65487,3.02886,-15.15238
17.996,-1.64484,2.96222,-15.14803
18.043,-1.62081,3.05049,-15.1413
18.167,-1.69184,3.13304,-15.1155
18.283,-1.77211,3.50629,-15.09224
18.343,-1.78119,3.57221,-15.08914
18.461,-1.81787,3.69773,-15.11877
18.583,-1.91585,3.69673,-15.16557
18.642,-1.93228,3.75059,-15.18546
18.766,-2.1492,3.60208,-15.25125
18.882,-2.25163,3.5296,-15.2972
18.947,-2.27908,3.52532,-15.31651
19.067,-2.34065,3.37134,-15.3644
19.182,-2.37319,3.08473,-15.39048
19.253,-2.31189,2.98164,-15.42885
19.369,-2.25023,3.00869,-15.47474
19.484,-2.13477,3.03662,-15.51397
19.544,-2.1093,2.90682,-15.53109
19.664,-2.12574,2.74502,-15.5687
19.727,-2.13991,2.63319,-15.60392
19.844,-2.08104,2.64092,-15.62444
19.964,-2.10687,2.63998,-15.65205
20.085,-2.21188,2.55656,-15.67776
20.145,-2.28692,2.63668,-15.68674
20.264,-2.6296,2.7357,-15.61298
20.385,-2.79648,2.70653,-15.54789
20.445,-2.98284,2.5155,-15.51703
20.569,-3.10505,2.52626,-15.46905
20.688,-3.2514,2.62671,-15.39023
20.751,-3.32003,2.67376,-15.36201
20.866,-3.37408,2.70588,-15.29566
20.934,-3.33331,2.72201,-15.27059
21.055,-3.30432,2.84056,-15.21456
21.168,-3.23795,2.84219,-15.15298
21.298,-3.17138,2.84444,-15.13558
21.345,-3.14925,2.96763,-15.1229
21.464,-3.11917,2.94072,-15.10026
21.59,-3.16742,3.02574,-15.10582
21.653,-3.17238,3.00226,-15.08441
21.765,-3.21566,2.87102,-15.06446
21.833,-3.15361,2.72123,-15.0574
21.948,-3.11905,2.68053,-15.02241
22.069,-2.90821,2.90477,-15.04061
22.128,-2.7162,3.25583,-15.06461
22.249,-2.59182,3.41071,-15.06474
22.369,-2.61522,3.54159,-15.09358
22.432,-2.5865,3.59647,-15.10876
22.585,-2.55515,3.6562,-15.12396
22.67,-2.54174,3.52703,-15.16705
22.726,-2.53114,3.48723,-15.17223
22.855,-2.37862,3.22001,-15.20651
22.999,-2.24963,2.95799,-15.22729
23.03,-2.2379,2.82449,-15.25968
23.152,-2.01343,2.55165,-15.31475
23.275,-2.00703,2.37328,-15.32188
23.329,-2.02261,2.33325,-15.32635
23.449,-1.99724,2.77815,-15.34896
23.572,-1.99415,2.72625,-15.36515
23.63,-1.92486,2.70095,-15.3671
23.75,-1.74479,2.74122,-15.36561
23.869,-1.62769,2.62155,-15.37425
23.931,-1.56493,2.69884,-15.37175
24.049,-1.52161,2.41997,-15.39047
24.17,-1.59375,2.60332,-15.41611
24.235,-1.6316,2.68292,-15.42115
24.35,-1.66758,2.9081,-15.41703
24.47,-1.64866,3.16458,-15.43183
24.53,-1.83429,3.10771,-15.44571
24.649,-1.69696,2.80081,-15.47496
24.77,-2.24058,2.55386,-15.45471
24.832,-2.25405,2.54574,-15.44915
24.947,-2.39623,2.52751,-15.44023
25.078,-2.27211,2.48836,-15.44293
25.129,-2.02516,2.55218,-15.45414
25.254,-1.74646,2.6787,-15.47566
25.38,-1.84303,2.72383,-15.47812
25.429,-1.79256,2.69976,-15.48055
25.551,-1.71824,3.04329,-15.49887
25.675,-1.92898,3.37134,-15.50843
25.729,-2.01091,3.40792,-15.50503
25.85,-2.44908,3.59804,-15.50608
25.971,-2.49653,3.87702,-15.55696
26.039,-2.64842,3.85716,-15.56179
26.152,-2.58634,3.1207,-15.59704
26.269,-2.60825,2.6756,-15.62663
26.339,-2.48431,2.42751,-15.6524
26.465,-2.55369,0.7792,-15.65509
26.57,-2.49735,1.10845,-15.65891
26.631,-2.44857,1.33981,-15.64746
26.793,-2.2195,2.17751,-15.64128
26.872,-2.04746,2.00124,-15.66013
26.932,-1.92334,2.00222,-15.67992
27.051,-1.85277,2.02613,-15.69096
27.174,-2.03647,2.19637,-15.71992
27.236,-2.09324,1.88686,-15.72676
27.352,-2.12338,2.16343,-15.74955
27.471,-2.16125,2.5665,-15.76377
27.535,-2.20351,2.51217,-15.76787
27.652,-2.0139,2.32488,-15.7854
27.771,-2.08652,2.37208,-15.80572
27.843,-2.06644,2.35813,-15.82574
27.955,-2.24984,2.36152,-15.84831
28.072,-2.28833,2.42873,-15.85991
28.138,-2.28212,2.30979,-15.86923
28.263,-2.43039,2.17973,-15.88504
28.375,-2.27567,2.16637,-15.91867
28.452,-2.12391,2.4039,-15.92422
28.551,-2.02948,2.38081,-15.94078
28.681,-2.12642,2.42353,-15.95953
28.731,-1.97005,2.44853,-15.97575
28.858,-1.89577,2.64677,-15.98677
28.997,-1.83522,2.50271,-16.01801
29.031,-1.85907,2.43136,-16.03354
29.153,-2.06953,2.36973,-16.03271
29.283,-1.90304,2.23122,-16.04761
29.339,-1.99896,2.23569,-16.06825
29.452,-1.88253,2.23758,-16.084
29.574,-1.73193,2.46408,-16.10826
29.633,-1.82712,2.36704,-16.10271
29.753,-2.13101,2.09535,-16.03144
29.875,-2.50672,2.143,-15.90559
29.958,-2.50965,1.91287,-15.86823
30.06,-2.48942,1.80032,-15.78586
30.174,-2.14451,1.89786,-15.69231
30.235,-2.09774,2.1385,-15.65107
30.362,-1.83962,2.16843,-15.57689
30.482,-1.69854,2.07118,-15.51324
30.537,-1.69648,2.21582,-15.49183
30.665,-1.97036,2.23495,-15.46626
30.802,-2.24747,2.54881,-15.40989
30.835,-2.38825,2.41264,-15.3839
30.952,-2.56731,2.1369,-15.33993
31.076,-2.75758,2.36751,-15.29872
31.134,-2.68585,2.43016,-15.26409
31.26,-2.2476,2.56006,-15.22611
31.375,-2.16934,2.75774,-15.22592
31.448,-2.25978,2.45574,-15.22578
31.556,-2.1132,1.52646,-15.24364
31.674,-2.65215,0.80029,-15.2332
31.765,-2.96131,2.1127,-15.20348
31.867,-2.47685,3.00928,-15.22158
31.975,-2.61699,1.78487,-15.24032
32.04,-2.70911,1.57141,-15.26034
32.158,-2.89607,1.04149,-15.28231
32.277,-2.87296,1.76618,-15.29333
32.335,-2.83596,1.6858,-15.30266
32.456,-2.71606,1.66384,-15.33297
32.582,-2.65294,1.8706,-15.35686
32.641,-2.57297,1.96717,-15.38177
32.755,-2.39402,1.90115,-15.40544
32.875,-2.21079,1.92738,-15.44062
32.936,-2.20538,1.79252,-15.45387
33.059,-2.03353,2.48829,-15.48673
33.181,-1.51566,2.62609,-15.53945
33.241,-1.52807,2.80278,-15.56401
33.361,-1.42181,2.67168,-15.60604
33.48,-1.60095,2.61884,-15.62405
33.546,-1.62082,2.7589,-15.64316
33.67,-1.64147,3.05172,-15.6754
33.778,-1.58,3.24712,-15.6943
33.837,-1.44555,3.51125,-15.71435
33.985,-1.35339,3.72404,-15.7262
34.083,-1.9996,3.47179,-15.71571
34.137,-1.65904,3.56876,-15.75497
34.272,-1.3578,4.3278,-15.80567
34.41,-1.14865,4.70681,-15.85021
34.438,-1.27628,4.6444,-15.83739
34.557,-1.3379,4.32179,-15.8539
34.68,-1.50431,3.91856,-15.8689
34.738,-1.47619,3.92723,-15.88109
34.862,-1.41119,4.41411,-15.90562
34.983,-1.48699,4.23743,-15.89516
35.044,-1.34597,4.21559,-15.9085
35.16,-1.2036,4.56954,-15.9315
35.277,-1.33395,4.54423,-15.94055
35.34,-1.4119,4.39468,-15.9473
35.459,-1.62559,3.893,-15.95276
35.578,-1.67231,3.93957,-15.96146
35.658,-1.6967,4.15913,-15.97669
35.763,-1.71498,4.41462,-15.9825
35.879,-1.51838,4.28574,-16.02847
35.939,-1.42515,4.50522,-16.0409
36.068,-1.26727,4.79676,-16.05375
36.187,-1.40234,4.57017,-16.08396
36.238,-1.66717,4.61189,-16.07236
36.363,-1.62707,4.86481,-16.09866
36.487,-1.75644,4.94834,-16.10679
36.539,-1.76279,5.26442,-16.11479
36.659,-1.58055,5.06884,-16.1466
36.78,-1.68614,5.00166,-16.15383
36.841,-1.75386,4.91982,-16.16046
36.961,-1.71732,4.59433,-16.16201
37.081,-1.62346,4.55294,-16.14555
37.141,-1.48304,4.75343,-16.1354
37.26,-1.57453,4.43677,-16.09228
37.382,-1.53289,4.34204,-16.06213
37.471,-1.37663,4.50728,-16.06044
37.564,-1.56365,4.30817,-16.01868
37.68,-1.6471,4.26672,-15.9913
37.743,-1.66121,4.57201,-15.98004
37.885,-1.83669,4.6324,-15.94718
37.984,-1.97154,4.82071,-15.9275
38.052,-2.00869,5.01342,-15.90179
38.175,-1.90613,4.97271,-15.89094
38.289,-1.87566,5.23984,-15.87199
38.341,-1.89919,5.08099,-15.87214
38.46,-1.87023,4.94735,-15.84669
38.587,-1.86996,5.05952,-15.83617
38.643,-1.91673,5.28371,-15.83233
38.762,-1.99029,5.35095,-15.82131
38.883,-2.03673,5.40048,-15.82403
38.943,-1.78533,5.79847,-15.85081
39.061,-1.84217,5.95488,-15.84295
39.182,-1.98591,5.76628,-15.8397
39.249,-2.03565,5.70575,-15.83705
39.362,-2.12803,5.51425,-15.84257
39.485,-2.17708,5.34667,-15.84682
39.554,-2.17391,5.27456,-15.84821
39.669,-2.16985,5.17008,-15.84762
39.783,-2.19836,5.00749,-15.85072
39.845,-2.14011,5.04142,-15.85709
39.989,-2.12422,4.87597,-15.82229
40.091,-1.99477,4.86098,-15.82082
40.144,-1.87479,4.94596,-15.83888
40.264,-1.91752,4.67549,-15.80695
40.412,-1.87384,4.71801,-15.81108
40.445,-1.91354,4.52517,-15.79963
40.562,-1.94802,4.7258,-15.78506
40.685,-1.95074,4.59464,-15.77498
40.742,-1.90446,4.52384,-15.78087
40.862,-1.90711,4.0143,-15.76798
40.929,-2.04965,3.34735,-15.75238
41.045,-2.12756,3.15377,-15.72639
41.164,-2.27233,3.01854,-15.70726
41.286,-2.34799,3.10013,-15.66186
41.35,-2.41634,3.11316,-15.64783
41.466,-2.43444,2.78457,-15.60552
41.584,-2.46678,2.47147,-15.5805
41.65,-2.45889,2.50989,-15.56814
41.768,-2.34569,2.29146,-15.56453
41.886,-2.38899,2.14737,-15.53182
41.943,-2.34165,2.14846,-15.52341
42.073,-2.34769,2.08988,-15.50574
42.124,-2.33433,1.96156,-15.49842
42.246,-2.43102,1.74099,-15.48006
42.367,-2.50135,1.6954,-15.45615
42.516,-2.47462,1.58854,-15.4249
42.545,-2.49562,1.35539,-15.42333
42.665,-2.55301,1.36463,-15.41187
42.724,-2.50184,1.35757,-15.40658
42.848,-2.20881,1.37573,-15.35825
42.964,-2.25784,1.30771,-15.36168
43.027,-2.36167,0.92869,-15.37527
43.149,-2.26004,0.98661,-15.37867
43.265,-2.49695,1.39313,-15.3284
43.332,-2.71612,1.18656,-15.34441
43.45,-2.85545,1.00203,-15.3442
43.568,-2.94892,0.82364,-15.32578
43.628,-2.95999,0.89373,-15.32168
43.747,-2.97248,1.01004,-15.32187
43.873,-2.91558,0.87592,-15.31167
43.928,-2.82724,0.96016,-15.31272
44.054,-2.78427,0.96906,-15.29411
44.191,-2.67297,1.0541,-15.26933
44.23,-2.52447,1.11395,-15.249
44.348,-2.12737,1.30381,-15.18677
44.468,-1.97322,1.44842,-15.16023
44.529,-1.9191,1.64357,-15.1492
44.647,-1.86743,1.81453,-15.11188
44.771,-1.79968,2.01733,-15.07261
44.83,-1.82775,2.11938,-15.05681
44.949,-1.90175,2.20015,-15.04925
45.067,-1.9062,2.305,-15.03001
45.137,-1.93704,2.47294,-15.00777
45.251,-2.1785,2.48258,-14.99453
45.372,-2.25748,2.41036,-14.97528
45.454,-2.33563,2.47254,-14.97344
45.551,-2.43975,2.54157,-14.96998
45.669,-2.58697,2.82016,-14.96297
45.729,-2.60395,2.78393,-14.94215
45.872,-2.5817,2.74827,-14.92377
45.987,-2.37426,2.88078,-14.89485
46.03,-2.31313,2.98812,-14.89337
46.153,-1.98435,2.97091,-14.95076
46.276,-1.61606,3.20036,-15.08538
46.33,-1.48756,3.34029,-15.1373
46.451,-1.4522,3.37458,-15.22218
46.571,-1.41384,3.53831,-15.34891
46.627,-1.39706,3.64737,-15.40002
46.749,-1.43247,3.78436,-15.5602
46.868,-1.52744,3.81969,-15.66259
46.93,-1.63957,4.02686,-15.71843
47.049,-1.77577,4.46342,-15.81326
47.172,-1.95252,5.01124,-15.80811
47.233,-1.96048,5.05146,-15.81174
47.354,-1.88655,5.26901,-15.83496
47.471,-1.70784,5.37908,-15.85114
47.552,-1.71827,5.40786,-15.83977
47.662,-1.7586,5.7284,-15.8688
47.776,-1.74929,6.03678,-15.89502
47.841,-1.76266,6.33144,-15.89887
47.982,-1.75496,7.04168,-15.89559
48.078,-1.70019,7.57815,-15.8988
48.135,-1.48267,7.8993,-15.90435
48.252,-1.50809,8.27257,-15.92138
48.403,-1.41883,8.46479,-15.96323
48.431,-1.4132,8.3772,-15.96765
48.55,-1.48185,8.16631,-15.95045
48.673,-1.62052,8.1477,-15.98417
48.731,-1.67921,8.14248,-15.98164
48.852,-1.76572,8.26601,-15.99694
48.975,-1.78587,8.23883,-16.01529
49.045,-1.8994,8.18241,-15.99775
49.152,-2.07972,8.2464,-15.90006
49.272,-2.13593,8.37221,-15.84855
49.335,-2.16643,8.43012,-15.80991
49.481,-2.154,8.45762,-15.73443
49.586,-2.23567,8.46181,-15.65176
49.631,-2.28636,8.52271,-15.62237
49.751,-2.32115,8.60751,-15.5711
49.911,-2.27222,8.66179,-15.51461
49.936,-2.31328,8.67332,-15.47925
50.054,-2.34109,8.62106,-15.39757
50.172,-2.36463,8.64721,-15.34014
50.236,-2.35514,8.72899,-15.31168
50.352,-2.36813,8.89025,-15.26428
50.473,-2.25951,9.22125,-15.21128
50.533,-2.23772,9.42841,-15.18973
50.653,-2.05368,9.90653,-15.21021
50.772,-1.98431,10.24996,-15.21427
50.841,-1.88337,10.39784,-15.24057
50.953,-1.93627,10.65507,-15.25653
51.076,-1.81498,10.88614,-15.27857
51.161,-1.78095,11.01859,-15.27941
51.268,-1.73206,11.18161,-15.29833
51.375,-1.7754,11.54183,-15.28957
51.436,-1.78677,11.66194,-15.29088
51.563,-1.8404,11.98127,-15.34019
51.677,-1.86686,12.25689,-15.3539
51.734,-1.90566,12.3717,-15.36401
51.861,-1.96467,12.61248,-15.35275
51.975,-1.84093,12.68208,-15.33639
52.037,-1.74248,12.80851,-15.3485
52.155,-1.66603,12.92394,-15.35142
52.276,-1.75939,12.99411,-15.3387
52.335,-1.81102,12.97196,-15.33538
52.456,-1.90687,12.84906,-15.30357
52.573,-1.87782,12.74092,-15.32344
52.637,-1.83129,12.74796,-15.32748
52.758,-1.67224,12.67752,-15.32221
52.875,-1.56307,12.67402,-15.33727
52.956,-1.53648,12.65703,-15.34142
53.082,-1.65091,12.66412,-15.3293
53.186,-1.71009,12.57023,-15.3118
53.236,-1.72422,12.40944,-15.30753
53.358,-1.74211,12.13837,-15.32269
53.5,-1.67921,11.99971,-15.28594
53.538,-1.60993,11.95718,-15.28169
53.655,-1.51336,11.75476,-15.29055
53.775,-1.49334,11.39776,-15.29109
53.838,-1.48944,11.24114,-15.30165
53.959,-1.37234,10.2433,-15.30443
54.076,-1.29797,9.33584,-15.27484
54.141,-1.34729,8.95609,-15.30782
54.26,-1.67697,8.30691,-15.36054
54.378,-2.07012,7.92041,-15.29475
54.468,-2.2546,7.87094,-15.26418
54.561,-2.25322,7.82192,-15.27476
54.676,-2.10297,7.78461,-15.23908
54.736,-1.93446,7.81782,-15.20701
54.878,-1.69618,7.71503,-15.2199
55.013,-1.85264,7.35896,-15.26143
55.042,-2.00343,7.00319,-15.23955
55.157,-2.26099,6.19039,-15.25505
55.277,-2.28122,5.50691,-15.28008
55.34,-2.20909,5.276,-15.26343
55.457,-2.28779,5.34463,-15.238
55.581,-2.30685,5.76118,-15.27825
55.639,-2.26284,5.95877,-15.25221
55.759,-2.1169,6.37468,-15.1453
55.881,-2.34204,6.01498,-15.17702
55.943,-2.5012,5.47843,-15.17445
56.058,-2.85503,4.03776,-15.1678
56.178,-3.02585,2.30542,-15.30481
56.261,-2.94819,1.80211,-15.32282
56.374,-2.57175,2.25669,-15.2129
56.478,-2.54064,2.41976,-15.2084
56.538,-2.66314,2.31479,-15.20602
56.659,-2.84552,1.94881,-15.1823
56.781,-2.99045,1.45687,-15.16062
56.842,-3.01387,0.94012,-15.15859
56.959,-3.07085,0.44787,-15.13597
57.09,-3.01878,0.27466,-15.11874
57.143,-3.18281,0.10352,-15.1218
57.258,-3.30026,-0.16679,-15.10854
57.383,-3.26472,-0.50841,-15.13198
57.437,-3.1575,-0.80814,-15.13323
57.56,-2.92051,-1.18567,-15.14391
57.682,-2.90997,-1.50312,-15.19361
57.741,-2.94079,-1.6516,-15.21197
57.86,-2.82376,-1.42191,-15.25563
57.978,-2.76994,-0.98279,-15.31537
58.045,-2.77143,-0.8494,-15.32775
58.161,-2.77728,-0.5162,-15.367
58.281,-2.69619,-0.16526,-15.45467
58.365,-2.6363,-0.08473,-15.47694
58.467,-2.5571,0.12276,-15.5376
58.599,-2.52735,0.39081,-15.58493
58.645,-2.48793,0.44044,-15.58829
58.773,-2.38006,0.6396,-15.67045
58.887,-2.30859,0.95062,-15.73746
58.943,-2.25903,0.97504,-15.76135
59.06,-2.31197,1.09603,-15.81141
59.186,-2.33139,1.32126,-15.86929
59.245,-2.31879,1.43698,-15.94919
59.361,-2.216,1.63456,-16.02361
59.485,-2.18985,1.82846,-16.07236
59.542,-2.17397,1.83617,-16.10544
59.662,-2.16478,1.90433,-16.16533
59.782,-2.26537,1.97314,-16.27854
59.856,-2.18856,1.87912,-16.32209
59.965,-2.1858,1.72932,-16.39692
60.086,-2.29643,1.3443,-16.47341
60.148,-2.33938,1.31118,-16.52184
60.27,-2.35979,1.00098,-16.64436
60.382,-2.43606,0.78315,-16.74887
60.452,-2.43651,0.8048,-16.79732
60.563,-2.37143,0.93496,-16.84184
60.686,-2.21244,1.21474,-16.96454
60.741,-2.17943,1.23419,-17.00583
60.861,-2.12924,1.19571,-17.0449
61.008,-2.1868,1.08429,-17.10194
61.041,-2.20934,1.04263,-17.13152
61.165,-2.13569,0.90714,-17.16006
61.287,-2.04402,0.7474,-17.14919
61.342,-2.05562,0.56814,-17.14501
61.464,-2.16108,0.21977,-17.14561
61.585,-1.95811,0.04632,-17.15638
61.66,-2.02194,-0.3022,-17.13595
61.768,-1.9637,-0.37391,-17.12208
61.885,-2.17236,-0.70441,-17.0684
61.947,-2.21685,-0.63917,-17.03317
62.072,-2.06771,-0.74416,-16.93576
62.124,-1.94838,-1.11527,-16.85025
62.245,-1.78725,-1.38589,-16.78483
62.378,-1.92168,-1.47511,-16.70641
62.487,-1.78085,-1.51736,-16.65148
62.544,-1.81276,-1.61471,-16.64654
62.666,-1.76524,-1.90996,-16.5319
62.784,-1.85569,-1.96114,-16.44666
62.844,-1.83265,-2.05523,-16.41472
62.965,-1.84233,-1.97637,-16.3376
63.092,-1.95479,-1.84264,-16.23288
63.151,-2.056,-1.89248,-16.21875
63.266,-1.94177,-2.16315,-16.1187
63.325,-1.98476,-2.37837,-16.07636
63.448,-2.13475,-2.65294,-16.01648
63.571,-2.04152,-2.87073,-15.86197
63.692,-2.00906,-3.11519,-15.80467
63.745,-2.03859,-3.1946,-15.76132
63.869,-2.00373,-3.30019,-15.66148
63.99,-2.21139,-3.27922,-15.59633
64.048,-2.2806,-3.42633,-15.51198
64.164,-2.60941,-3.45574,-15.47276
64.226,-2.57825,-3.35253,-15.42432
64.347,-2.95744,-3.41853,-15.34594
64.464,-3.30024,-3.33826,-15.28503
64.532,-3.43411,-3.22666,-15.21025
64.646,-3.59849,-2.99384,-15.15395
64.766,-3.74254,-2.86737,-15.12022
64.825,-3.82776,-2.9164,-15.10521
64.949,-3.85886,-2.90091,-15.07271
65.072,-3.8398,-2.46602,-15.02175
65.128,-3.847,-2.53951,-15.00877
65.254,-3.86572,-2.75306,-14.99329
65.397,-3.68826,-2.82345,-14.96612
65.427,-3.62173,-2.82136,-14.95464
65.546,-3.48218,-2.83303,-14.9227
65.667,-3.32346,-2.78543,-14.89257
65.731,-3.2263,-2.7555,-14.88359
65.848,-3.10043,-2.54648,-14.8685
65.973,-3.0135,-1.71748,-14.84488
66.028,-2.97362,-1.46904,-14.84325
66.147,-2.8541,-1.16539,-14.8866
66.268,-2.7711,-0.80939,-14.97636
66.336,-2.7586,-0.6461,-15.0383
66.449,-2.77619,-0.24562,-15.16209
66.568,-2.84536,0.06669,-15.27425
66.628,-2.8799,0.20301,-15.31848
66.765,-2.95626,0.53236,-15.4221
66.881,-2.97788,0.51225,-15.49964
66.932,-3.09079,0.42293,-15.59226
67.048,-3.14321,0.55329,-15.68538
67.177,-3.1291,0.56855,-15.75859
67.231,-3.09616,0.47115,-15.77845
67.348,-3.17122,0.23651,-15.83076
67.471,-3.1662,0.00221,-15.83743
67.529,-3.19421,-0.09446,-15.83375
67.65,-3.08882,-0.23267,-15.8398
67.77,-2.97902,-0.43578,-15.84002
67.829,-2.88638,-0.36714,-15.84151
67.953,-2.6592,-0.51144,-15.84692
68.071,-2.48471,-0.58564,-15.84482
68.13,-2.3806,-0.6168,-15.84338
68.251,-2.32678,-0.7175,-15.8645
68.368,-2.23996,-0.90375,-15.88964
68.444,-2.27123,-0.92089,-15.88467
68.551,-2.34789,-0.94181,-15.8966
68.681,-2.29918,-1.11052,-15.90856
68.731,-2.26875,-1.2029,-15.91177
68.857,-2.39199,-1.22875,-15.90022
68.982,-2.67576,-1.22736,-15.80584
69.03,-2.75796,-1.16702,-15.7697
69.152,-2.85251,-1.338,-15.69345
69.27,-3.10976,-1.60017,-15.61562
69.331,-3.2525,-1.49452,-15.58187
69.449,-3.84505,-1.34753,-15.48232
69.571,-4.1641,-1.29001,-15.41042
69.633,-4.2642,-1.13323,-15.37833
69.752,-4.47608,-1.07639,-15.34358
69.873,-4.90784,-1.08954,-15.30269
69.933,-4.9804,-1.12261,-15.2841
70.052,-4.83684,-1.23035,-15.236
70.169,-4.91122,-1.15642,-15.23927
70.236,-4.66641,-1.05421,-15.24617
70.354,-4.25012,-1.05803,-15.3404
70.471,-3.88989,-1.23467,-15.39585
70.531,-3.81506,-1.2381,-15.41981
70.662,-3.51626,-1.31858,-15.47192
70.773,-3.26178,-1.27706,-15.49738
70.834,-3.10426,-1.30929,-15.53922
70.961,-2.90558,-1.16608,-15.59001
71.073,-2.84278,-1.18321,-15.63994
71.132,-2.95757,-1.02115,-15.65644
71.25,-2.98752,-0.88682,-15.70431
71.374,-3.10891,-0.6393,-15.75904
71.432,-3.03854,-0.52012,-15.78083
71.557,-3.12594,-0.16837,-15.81845
71.672,-3.24269,0.28977,-15.87211
71.736,-3.29577,0.40573,-15.89147
71.855,-3.39513,0.59471,-15.88651
71.974,-3.39631,0.80472,-15.84469
72.053,-3.39626,0.892,-15.83362
72.155,-3.40615,1.10554,-15.82275
72.276,-3.62005,1.37536,-15.79357
72.339,-3.67154,1.45104,-15.77653
72.467,-3.77596,1.62592,-15.74477
72.588,-3.89322,1.78206,-15.72662
72.636,-3.82184,1.72639,-15.73504
72.757,-3.69577,1.67625,-15.69725
72.882,-3.66533,1.74591,-15.65728
72.935,-3.71073,1.84644,-15.63569
73.057,-3.54544,1.87573,-15.61087
73.199,-3.5391,1.87836,-15.59791
73.234,-3.47639,1.66455,-15.58642
73.355,-3.37298,1.95228,-15.57271
73.475,-3.26626,2.16192,-15.53646
73.536,-3.20779,2.31385,-15.51463
73.654,-3.15215,2.63327,-15.46267
73.774,-2.97326,2.99996,-15.39975
73.834,-2.91844,3.06471,-15.39182
73.957,-2.80856,3.23879,-15.3652
74.076,-2.84215,3.23777,-15.33221
74.136,-2.86544,3.20051,-15.29886
74.268,-2.8779,3.19107,-15.26647
74.375,-2.92241,3.53589,-15.23376
74.437,-2.95489,3.48704,-15.21819
74.586,-3.05632,3.64654,-15.19161
74.685,-2.79509,3.53939,-15.23488
74.734,-2.68039,3.58143,-15.27983
74.86,-2.44784,3.58159,-15.40802
74.996,-2.27647,3.95548,-15.52393
75.038,-2.21764,4.06902,-15.58446
75.16,-2.36457,4.09053,-15.76224
75.28,-2.53176,4.30708,-15.86576
75.336,-2.5312,4.37816,-15.91439
75.454,-2.53707,4.44038,-16.00755
75.575,-2.2883,4.12776,-16.10156
75.638,-2.20548,4.30673,-16.17641
75.756,-2.14235,4.06905,-16.20488
75.877,-2.2503,3.76183,-16.12016
75.946,-2.48611,3.61212,-16.05649
76.057,-2.58891,3.94449,-15.98158
76.181,-2.64484,4.2899,-15.83611
76.239,-2.60883,4.44102,-15.77285
76.379,-2.6421,4.67018,-15.67568
76.487,-2.5,4.85264,-15.61244
76.538,-2.47648,4.66695,-15.58343
76.656,-2.63924,4.36853,-15.46701
76.782,-2.65462,4.34344,-15.36494
76.839,-2.60673,4.39449,-15.30794
76.96,-2.4813,4.66551,-15.23746
77.08,-2.33801,3.9964,-15.17251
77.143,-2.31421,3.8352,-15.15867
77.262,-2.25023,3.95033,-15.17395
77.38,-2.42147,3.9812,-15.19473
77.443,-2.68788,3.85559,-15.20877
77.562,-2.94399,3.85182,-15.19401
77.679,-3.04321,4.67877,-15.17743
77.763,-2.96012,5.13558,-15.19786
77.86,-3.07249,4.4114,-15.24484
77.978,-3.2933,3.99056,-15.27578
78.042,-3.35989,4.10757,-15.28739
78.167,-3.34547,4.57463,-15.29233
78.289,-3.33809,4.70722,-15.29953
78.347,-3.37684,4.77665,-15.30106
78.459,-3.25658,5.02009,-15.31757
78.581,-3.08819,5.21364,-15.33255
78.641,-3.05665,5.29723,-15.33262
78.765,-3.07353,5.36525,-15.3459
78.878,-3.033,5.14611,-15.39796
78.941,-3.11276,4.98352,-15.41097
79.058,-3.2854,4.90465,-15.42154
79.182,-3.48815,4.93094,-15.42727
79.241,-3.5484,4.97838,-15.43855
79.358,-3.68666,5.22371,-15.43935
79.483,-3.64596,5.67614,-15.43615
79.547,-3.58897,5.66391,-15.43868
79.66,-3.43229,5.52761,-15.47827
79.782,-3.28198,5.30213,-15.5313
79.867,-3.27882,5.11016,-15.5545
79.968,-3.32306,5.06302,-15.59514
80.085,-3.38189,5.34742,-15.59032
80.165,-3.39871,5.39624,-15.59507
80.269,-3.53645,5.54853,-15.60839
80.386,-3.48938,5.67188,-15.63373
80.442,-3.40465,5.65291,-15.65516
80.566,-3.36185,5.64546,-15.68091
80.692,-3.29459,5.83476,-15.69025
80.741,-3.23155,5.89713,-15.70372
80.861,-3.21029,5.97756,-15.70306
80.986,-3.05203,5.96846,-15.72272
81.04,-2.93737,5.9078,-15.72744
81.162,-2.79816,5.93341,-15.72964
81.28,-2.64307,5.90163,-15.73408
81.342,-2.51806,5.86756,-15.73914
81.463,-2.28265,6.09981,-15.71293
81.582,-2.12891,6.43273,-15.71762
81.645,-2.05027,6.49576,-15.72839
81.763,-1.9104,6.64544,-15.73179
81.883,-1.82006,6.489,-15.71837
81.946,-1.7969,6.46876,-15.7286
82.065,-1.79428,6.39302,-15.72077
82.183,-1.66018,6.67417,-15.70677
82.241,-1.65554,6.70214,-15.6963
82.391,-1.38539,6.9859,-15.66174
82.487,-1.16585,7.1619,-15.65272
82.543,-1.04119,7.1878,-15.65258
82.662,-0.85751,7.40655,-15.65295
82.812,-0.82053,7.39503,-15.65041
82.848,-0.93926,7.44571,-15.6502
82.964,-0.98953,7.45748,-15.65465
83.087,-1.041,7.74139,-15.63525
83.143,-1.10637,7.94178,-15.6217
83.262,-1.20695,8.12121,-15.61585
83.329,-1.32555,8.37587,-15.63212
83.442,-1.41854,8.77011,-15.63369
83.563,-1.49271,8.96378,-15.65842
83.65,-1.52944,9.07591,-15.67587
83.753,-1.66957,8.97567,-15.69638
83.864,-1.78407,8.95016,-15.74439
83.986,-1.78362,8.88457,-15.79418
84.087,-1.72684,8.85449,-15.84004
84.171,-1.46642,8.9255,-15.96508
84.287,-1.22942,8.61412,-16.25225
84.345,-1.17033,8.61422,-16.35728
84.47,-1.05579,8.65438,-16.57288
84.588,-0.95658,8.84202,-16.78944
84.643,-0.87614,8.99444,-16.90714
84.765,-0.80692,9.22127,-17.1067
84.827,-0.75061,9.4964,-17.29897
84.944,-0.61718,9.78384,-17.50256
85.066,-0.50583,10.01109,-17.7195
85.185,-0.34183,10.29353,-17.9367
85.245,-0.27709,10.37044,-18.0485
85.369,0.13077,10.52472,-18.50365
85.428,0.2916,10.57601,-18.69142
85.548,0.5576,10.71414,-19.11253
85.665,0.75227,10.56819,-19.57562
85.732,0.794,10.41924,-19.81238
85.847,0.83758,10.1027,-20.53432
85.97,0.82892,9.80707,-20.99019
86.033,0.89886,9.63743,-21.23114
86.152,0.98967,9.36408,-21.73653
86.274,1.05923,9.23229,-22.52584
86.325,1.05688,9.15197,-22.79922
86.446,1.09796,9.0533,-23.33662
86.586,1.3761,8.99144,-23.95508
86.625,1.53405,9.02771,-24.30656
86.748,2.10556,9.09751,-25.50838
86.869,2.399,8.93693,-26.35396
86.929,2.55214,8.85093,-26.81736
87.049,3.03742,8.74524,-27.87445
87.167,3.52856,8.53167,-29.06316
87.238,3.94847,8.31552,-30.30589
87.347,4.28095,8.06674,-31.59898
87.474,4.54571,7.73272,-32.99509
87.557,4.63241,7.47853,-33.68198
87.653,4.86695,6.98892,-35.01748
87.767,5.07658,6.59069,-37.14929
87.831,5.17623,6.4539,-37.86831
87.976,5.3929,5.95171,-39.33338
88.073,5.62494,5.38288,-40.87095
88.13,5.68109,5.15873,-41.65089
88.255,5.69567,4.88119,-44.01919
88.395,5.60987,4.78224,-45.58541
88.429,5.71645,4.64558,-46.40712
88.548,5.78204,4.34392,-48.03053
88.673,6.07922,3.80477,-50.38603
88.727,6.15301,3.79513,-51.16607
88.849,6.1639,3.85216,-52.73294
88.975,6.07878,3.5544,-54.27676
89.033,6.13414,3.2543,-55.05424
89.151,6.38092,2.54032,-57.37107
89.27,6.74256,2.20197,-58.97058
89.335,6.89556,2.06888,-59.76358
89.448,6.97275,2.16754,-61.32877
89.572,7.01308,2.12182,-62.92675
89.632,6.81946,1.91125,-64.48644
89.764,6.59567,1.72684,-66.00159
89.879,6.45412,1.34571,-67.52203
89.928,6.49142,1.15132,-68.3032
90.05,6.7309,0.91434,-69.87056
90.206,6.86087,0.52725,-72.18467
90.239,6.74054,0.55166,-72.94466
90.357,6.48349,0.52099,-74.5093
90.476,6.17776,0.34445,-76.11572
90.533,6.11039,0.26761,-76.92969
90.651,6.07875,0.06775,-79.32037
90.772,6.10074,0.06926,-80.9384
90.832,6.07153,0.04568,-81.76675
90.952,6.14861,-0.10998,-83.40168
91.073,5.73702,-0.04508,-85.83347
91.139,5.43577,0.02973,-86.60696
91.251,4.77877,0.05808,-88.0542
91.373,4.43991,0.10884,-89.39929
91.459,4.38076,0.09342,-90.02728
91.579,4.22524,-0.00992,-91.76155
91.676,3.88352,-0.04222,-92.81636
91.731,3.67188,-0.09188,-93.30582
91.859,3.39106,0.14013,-94.25559
91.977,3.29887,0.10721,-95.16092
92.033,2.98394,0.17763,-95.98578
92.15,2.57975,0.433,-96.70168
92.273,2.18318,0.3684,-97.29318
92.333,2.02981,0.16039,-97.5682
92.452,1.999,-0.08662,-98.08525
92.571,1.603,-0.49066,-98.71092
92.632,1.50339,-0.54327,-98.91385
92.752,1.05123,-0.97491,-99.27336
92.871,0.87638,-1.17235,-99.6282
92.938,0.75324,-1.12952,-99.78142
93.052,0.31309,-1.3698,-100.20635
93.171,0.07501,-1.77557,-100.43804
93.251,-0.04021,-2.05953,-100.54759
93.366,-0.28694,-2.1949,-100.76982
93.479,-0.28504,-2.58003,-101.06489
93.533,-0.36433,-2.54968,-101.1833
93.662,-0.42691,-2.38549,-101.37954
93.78,-0.48084,-2.43693,-101.59782
93.839,-0.49751,-2.35988,-101.70952
93.957,-0.9235,-2.16198,-102.03703
94.117,-0.99647,-2.30123,-102.26149
94.134,-1.0759,-2.28796,-102.37809
94.253,-1.19989,-2.34715,-102.58958
94.375,-1.36116,-2.31656,-102.82133
94.439,-1.6326,-2.1858,-103.09222
94.555,-1.75532,-1.98442,-103.31957
94.675,-1.92493,-1.94722,-103.55571
94.737,-1.97755,-1.82963,-103.68428
94.853,-2.0185,-1.69058,-103.93287
94.973,-2.04856,-1.62602,-104.29168
95.039,-2.0919,-1.56008,-104.39442
95.159,-2.13661,-1.33647,-104.56643
95.274,-2.31805,-1.04203,-104.76872
95.334,-2.25121,-0.99537,-104.84269
95.459,-1.98701,-0.67054,-105.06992
95.576,-1.85314,-0.58446,-105.22504
95.637,-1.78718,-0.58981,-105.28726
95.756,-1.85165,-0.39095,-105.36131
95.882,-2.36665,-0.31115,-105.33649
95.934,-2.33372,-0.21385,-105.32852
96.056,-2.40987,-0.14207,-105.31509
96.175,-2.49773,0.03833,-105.31683
96.237,-2.64518,-0.09592,-105.32389
96.359,-2.73766,-0.19588,-105.29498
96.479,-2.60775,-0.36646,-105.28501
96.538,-2.34867,-0.36534,-105.27927
96.656,-2.24201,-0.26744,-105.26726
96.777,-2.5074,-0.25165,-105.29093
96.84,-2.46702,-0.25385,-105.28484
96.957,-2.63072,-0.36125,-105.31776
97.077,-3.09256,-0.21523,-105.32217
97.143,-2.97256,-0.49078,-105.32604
97.256,-3.26391,-0.42472,-105.32525
97.375,-3.20407,0.12142,-105.32718
97.455,-3.33071,0.4272,-105.33576
97.566,-3.17975,1.04842,-105.34083
97.678,-3.13802,1.3633,-105.33976
97.738,-3.12116,1.33522,-105.34139
97.873,-3.26321,1.54539,-105.34412
97.983,-3.10976,2.04332,-105.34657
98.038,-3.12448,2.39316,-105.34768
98.158,-2.96424,2.34837,-105.34312
98.288,-3.07522,2.28183,-105.34603
98.337,-2.94186,2.35217,-105.34452
98.457,-2.98624,2.61713,-105.34934
98.587,-2.93699,2.77768,-105.36364
98.64,-3.00658,2.96551,-105.35743
98.76,-2.95179,3.02599,-105.40181
98.877,-3.02845,2.91938,-105.39268
98.938,-3.01868,2.97201,-105.39964
99.06,-2.94616,2.98649,-105.41203
99.184,-3.02412,3.1262,-105.42032
99.244,-2.9947,2.9725,-105.44054
99.358,-3.17421,3.10471,-105.44279
99.481,-3.17939,3.11694,-105.46568
99.539,-3.23304,3.20857,-105.45631
99.669,-3.24157,3.2089,-105.46075
99.78,-3.26837,3.10328,-105.45982
99.84,-3.24665,3.16355,-105.46669
99.965,-3.32302,2.92044,-105.47816
100.109,-3.39453,2.9553,-105.49194
100.139,-3.41612,2.97962,-105.49953
100.261,-3.34973,3.05841,-105.49191
100.379,-3.55059,3.14293,-105.48237
100.441,-3.64247,3.1769,-105.45612
100.558,-3.67894,3.2286,-105.42616
100.681,-3.81863,3.31279,-105.39314
100.743,-3.8956,3.25677,-105.38122
100.861,-3.72323,3.37601,-105.36012
100.981,-3.74518,3.38849,-105.32222
101.056,-3.71261,3.35134,-105.31759
101.163,-3.61993,3.57799,-105.26788
101.282,-3.42987,3.4969,-105.24981
101.344,-3.40144,3.35644,-105.23271
101.464,-3.3093,3.28327,-105.19569
101.584,-3.02147,3.38203,-105.18579
101.643,-2.80565,3.59033,-105.1519
101.76,-2.6613,3.65308,-105.13172
101.89,-2.59985,3.90162,-105.11292
101.941,-2.44406,4.29271,-105.11916
102.075,-2.33054,4.53332,-105.09809
102.207,-2.60966,4.4149,-105.03226
102.242,-2.44647,4.58124,-105.02996
102.362,-2.39845,4.85655,-105.00903
102.48,-2.42849,4.91489,-105.00418
102.543,-2.40995,5.01811,-105.00342
102.663,-2.35418,5.25534,-105.00619
102.784,-2.3487,5.45056,-104.98984
102.842,-2.38061,5.52673,-104.98726
102.966,-2.42138,5.6906,-105.01268
103.082,-2.37205,5.44017,-105.02687
103.147,-2.43095,5.3965,-105.04392
103.268,-2.36421,5.29499,-105.09271
103.384,-2.60734,4.92029,-105.10225
103.482,-2.62384,5.09443,-105.12292
103.566,-2.68934,4.98833,-105.13802
103.685,-2.89981,5.21359,-105.13826
103.756,-2.98628,5.44518,-105.13317
103.891,-3.26179,5.93184,-105.07008
103.985,-3.35269,6.47942,-105.02044
104.042,-3.38474,6.79817,-104.98409
104.163,-3.34344,7.3217,-104.90935
104.306,-3.419,7.37803,-104.8651
104.345,-3.42793,7.51417,-104.82852
104.466,-3.34684,7.95868,-104.80775
104.585,-3.31725,8.65203,-104.79234
104.645,-3.33629,8.80522,-104.77043
104.766,-3.34155,8.93668,-104.75244
104.883,-3.41976,8.93686,-104.75141
104.945,-3.43232,8.77025,-104.73705
105.068,-3.48465,8.44807,-104.71131
105.184,-3.56467,7.96374,-104.68475
105.251,-3.55908,7.63012,-104.66559
105.366,-3.53228,7.05807,-104.62878
105.483,-3.57436,6.75211,-104.57491
105.549,-3.66631,7.01878,-104.44758
105.671,-3.78087,6.87357,-104.32212
105.788,-3.65502,6.7097,-104.17947
105.845,-3.53277,6.58791,-104.10805
105.976,-3.42053,5.88463,-103.95264
106.03,-3.24552,5.27951,-103.82246
106.146,-3.15487,5.20827,-103.6546
106.267,-3.09205,5.54336,-103.42661
106.384,-3.08775,5.86681,-103.16338
106.445,-3.05804,6.05441,-103.03362
106.565,-3.04509,6.12978,-102.59482
106.688,-3.0319,6.18255,-102.32816
106.748,-3.00528,6.28095,-102.19097
106.866,-3.0515,6.51724,-101.87911
106.935,-3.10264,6.48355,-101.71831
107.046,-3.24711,6.34552,-101.24193
107.167,-3.18111,6.28594,-100.93997
107.253,-3.18281,6.40301,-100.77156
107.355,-3.33851,6.55392,-100.44645
107.467,-3.32393,6.69477,-100.0071
107.525,-3.13556,6.89439,-99.86806
107.654,-3.16019,6.91843,-99.56767
107.776,-3.12158,7.0698,-99.28352
107.834,-3.16908,7.08725,-99.1458
107.952,-3.11035,7.29701,-98.71917
108.089,-3.10151,7.27668,-98.43474
108.127,-3.179,7.34592,-98.29003
108.249,-3.32993,7.35209,-97.96352
108.374,-3.46393,7.3882,-97.62688
108.429,-3.64196,7.30326,-97.28143
108.547,-3.80053,7.31485,-96.93608
108.67,-3.81964,7.33774,-96.62411
108.729,-3.85034,7.36049,-96.4757
108.849,-3.76827,7.47896,-96.16873
108.969,-3.74283,7.56309,-95.6787
109.032,-3.79504,7.61886,-95.52317
109.149,-3.83744,7.68063,-95.2215
109.267,-3.86783,7.90669,-94.93283
109.334,-3.90182,7.9425,-94.76205
109.454,-4.03942,7.9774,-94.18116
109.568,-4.17037,7.92609,-93.75005
109.63,-4.32609,7.83255,-93.50578
109.779,-4.70463,7.50502,-92.97148
109.874,-5.00227,6.68402,-92.04487
109.929,-5.16305,6.49685,-91.67593
110.05,-5.48426,6.34377,-90.85648
110.201,-5.59755,5.90131,-89.95695
110.227,-5.62181,5.68418,-89.48482
110.358,-5.77285,5.36923,-87.98475
110.483,-5.81507,5.13397,-86.90759
110.53,-5.7701,4.90833,-86.37514
110.649,-5.67929,4.71325,-85.32126
110.773,-5.47822,4.64862,-84.26562
110.832,-5.27922,4.44641,-83.19054
110.95,-4.94541,4.25632,-82.11241
111.075,-4.73329,4.1069,-80.97771
111.142,-4.66351,4.09972,-80.40585
111.249,-4.65878,4.00155,-79.21471
111.369,-4.71264,3.85647,-77.27657
111.439,-4.71659,3.932,-76.62614
111.553,-4.96942,3.75968,-75.32066
111.671,-4.97095,3.45961,-73.96227
111.731,-4.91995,3.43309,-73.27409
111.875,-4.94979,2.99242,-71.18751
111.981,-4.80423,2.84107,-69.74897
112.031,-4.78579,2.7741,-69.03825
112.16,-5.06291,2.45283,-67.6065
112.275,-5.63027,1.98736,-65.35213
112.33,-5.81962,1.73466,-64.59256
112.452,-6.14965,1.77156,-63.02262
112.569,-6.66432,1.49496,-61.3269
112.632,-6.91386,1.10547,-60.43946
112.752,-7.22375,0.99312,-57.62384
112.873,-7.46387,0.73005,-55.71508
112.939,-7.56501,0.76286,-54.73506
113.05,-8.09823,0.43852,-52.68713
113.173,-8.4421,0.44858,-50.56519
113.259,-8.96956,0.35927,-48.3392
113.357,-9.79853,0.06364,-46.08046
113.474,-10.16228,-0.1304,-43.66287
113.538,-10.09594,-0.20861,-42.40012
113.676,-9.89805,-0.35312,-39.84869
113.784,-9.87411,-0.51252,-35.92306
113.838,-10.01689,-0.51102,-34.60448
113.966,-10.52609,-0.16561,-31.99203
114.1,-10.82315,-0.0593,-29.33316
114.131,-10.73518,-0.0805,-27.97186
114.252,-11.05088,-0.37079,-24.11573
114.375,-11.2835,-0.86029,-21.66712
114.434,-11.16224,-1.07276,-20.49446
114.553,-10.67999,-1.41683,-18.38831
114.673,-10.00931,-2.30917,-15.80086
114.733,-9.67098,-2.37862,-15.0377
114.853,-9.26408,-2.35972,-13.76488
114.974,-8.8206,-2.05327,-12.71502
115.039,-8.59648,-2.03455,-12.2478
115.158,-8.01152,-2.04718,-11.2015
115.273,-7.35985,-1.96914,-10.81321
115.334,-6.99644,-1.91457,-10.71225
115.459,-6.27667,-1.67045,-10.68557
115.573,-5.80492,-1.47282,-10.78641
115.645,-5.74938,-1.23774,-10.88182
115.761,-5.60276,-1.02327,-10.98306
115.882,-5.41333,-0.88641,-11.09643
115.936,-5.17451,-0.88016,-11.1452
116.057,-4.89099,-0.86198,-11.22733
116.19,-4.57253,-0.73762,-11.38235
116.234,-4.44814,-0.63481,-11.42852
116.355,-4.03815,-0.4003,-11.51524
116.476,-3.74971,-0.05928,-11.5942
116.536,-3.69936,0.04308,-11.64625
116.654,-3.37316,0.36911,-11.80856
116.777,-3.18205,0.51265,-11.91935
116.837,-2.95119,0.659,-11.97702
116.957,-2.74151,0.89335,-12.09096
117.078,-2.34496,1.08922,-12.22681
117.143,-2.22841,1.17143,-12.2808
117.254,-2.06236,1.2821,-12.39662
117.375,-1.90946,1.40345,-12.53062
117.441,-1.87763,1.51932,-12.59033
117.56,-1.79998,2.03542,-12.75423
117.676,-1.67263,2.57613,-12.90118
117.737,-1.50294,2.38641,-12.96882
117.888,-1.12044,2.20491,-13.05829
117.984,-1.10467,2.14808,-13.17599
118.037,-1.15852,1.87397,-13.32206
118.156,-1.28156,1.87852,-13.46903
118.302,-1.28454,2.26007,-13.62239
118.34,-1.21699,2.60902,-13.66446
118.455,-1.17676,3.05645,-13.79634
118.578,-1.0717,3.66658,-14.02119
118.638,-1.08587,3.81538,-14.07274
118.758,-1.1592,4.02962,-14.1752
118.876,-1.36408,4.34515,-14.31065
118.948,-1.43008,4.59522,-14.35398
119.059,-1.41844,5.26821,-14.38733
119.181,-1.32747,5.98905,-14.45205
119.25,-1.28343,6.36441,-14.49326
119.361,-1.23815,7.36995,-14.52656
119.499,-1.26712,8.11395,-14.56091
119.543,-1.28069,8.16023,-14.58096
119.658,-1.34543,8.05578,-14.57046
119.788,-1.28996,7.96183,-14.61295
119.844,-1.28263,7.99531,-14.63736
119.968,-1.25759,8.19093,-14.67137
120.079,-1.45056,7.31955,-14.76145
120.14,-1.54567,6.77956,-14.78559
120.259,-1.52884,6.16293,-14.78031
120.38,-1.38723,5.94658,-14.82818
120.44,-1.34225,5.78404,-14.8602
120.561,-1.38992,5.28477,-14.9155
120.679,-1.41635,5.073,-14.93767
120.742,-1.41376,5.05814,-14.94066
120.859,-1.4958,5.28781,-14.92732
120.981,-1.50962,6.57091,-14.97037
121.043,-1.48245,6.24788,-14.98411
121.171,-1.42282,5.60977,-15.00496
121.28,-1.45441,5.59992,-15.06429
121.34,-1.55143,5.69742,-15.07627
121.462,-1.72502,5.70473,-15.04753
121.583,-1.8023,5.56638,-15.02081
121.639,-1.84197,5.5677,-15.02543
121.762,-2.28822,5.08786,-15.04129
121.886,-2.54065,4.03742,-15.08603
121.944,-2.32446,3.01922,-15.10354
122.058,-2.08523,1.7139,-15.06234
122.184,-2.10858,0.56492,-15.06792
122.245,-2.24278,0.27216,-15.08602
122.359,-2.60601,-0.88489,-15.07406
122.488,-3.08255,-1.13807,-14.99819
122.541,-3.09131,-0.9666,-15.01116
122.664,-2.74038,-0.23783,-15.0136
122.782,-2.31618,-0.52781,-14.96638
122.849,-2.33662,-0.93732,-14.95684
122.962,-2.9917,-1.29388,-15.05756
123.082,-3.15691,-1.72107,-15.05218
123.173,-3.06141,-1.87764,-15.03294
123.264,-3.14904,-2.28948,-15.05347
123.382,-3.44695,-2.60588,-15.09584
123.44,-3.78473,-3.10167,-15.13197
123.586,-3.45506,-3.22422,-15.16688
123.706,-3.37194,-3.73456,-15.15225
123.742,-3.7257,-4.10543,-15.17448
123.862,-3.85412,-3.85006,-15.22068
123.994,-3.84801,-3.61272,-15.27347
124.049,-4.10579,-3.35362,-15.32453
124.161,-3.65185,-3.64747,-15.28723
124.281,-3.47324,-4.28248,-15.3052
124.345,-3.80444,-4.27956,-15.39644
124.463,-3.80571,-4.35846,-15.4589
124.582,-3.60381,-4.23091,-15.48087
124.645,-3.41021,-4.34919,-15.48525
124.765,-3.36131,-4.6722,-15.49325
124.883,-3.59337,-4.95179,-15.63887
124.951,-3.7245,-4.99073,-15.69572
125.067,-3.0692,-4.67425,-15.66599
125.182,-3.05258,-4.42259,-15.70094
125.255,-3.08834,-4.25922,-15.73992
125.369,-2.96614,-4.08439,-15.8306
125.484,-2.77101,-4.07324,-15.88482
125.545,-2.68777,-4.07409,-15.90604
125.706,-2.58683,-3.4559,-15.97588
125.807,-2.6209,-2.71238,-16.18807
125.847,-2.70258,-2.66499,-16.25245
125.963,-2.12177,-2.45626,-16.32728
126.092,-2.22062,-2.19861,-16.41495
126.145,-2.25567,-2.1824,-16.47268
126.264,-1.73594,-1.99312,-16.59431
126.384,-2.15792,-1.36604,-16.64908
126.445,-1.9911,-1.50619,-16.64576
126.563,-2.34333,-1.36421,-16.6175
126.685,-2.22875,-1.60311,-16.59762
126.768,-2.54643,-1.45546,-16.61069
126.866,-2.55408,-1.20071,-16.59046
126.988,-2.56993,-1.4888,-16.55211
127.049,-2.52423,-1.41825,-16.53104
127.17,-2.62483,-0.92399,-16.515
127.227,-2.60942,-0.91387,-16.48099
127.343,-2.46902,-0.60743,-16.47113
127.465,-2.46397,-0.42459,-16.45464
127.591,-2.38313,-0.19202,-16.41593
127.645,-2.53174,-0.08604,-16.39506
127.766,-2.83259,0.22606,-16.25498
127.887,-3.00681,0.27378,-16.11647
127.947,-3.01417,0.4748,-16.04009
128.065,-2.98311,-0.17369,-15.89655
128.139,-2.82103,-0.01986,-15.838
128.244,-2.96571,-0.1442,-15.63914
128.365,-2.91478,-0.21309,-15.51039
128.469,-3.07646,0.05823,-15.4372
128.548,-3.06501,0.26318,-15.35214
128.668,-2.75082,0.20974,-15.21994
128.731,-2.62184,0.51792,-15.17596
128.855,-2.82741,1.1986,-15.08381
128.969,-2.68619,1.41339,-14.99422
129.026,-2.62949,1.62217,-14.94545
129.147,-2.67035,1.55186,-14.77171
129.269,-2.7728,1.94851,-14.68992
129.328,-2.63134,2.25948,-14.65659
129.446,-2.75323,2.84963,-14.56507
129.568,-2.66067,2.90245,-14.49009
129.632,-2.60203,3.02678,-14.41258
129.75,-2.48841,3.47294,-14.34684
129.868,-2.73989,3.42008,-14.30193
129.933,-2.69476,3.21235,-14.29641
130.048,-2.53201,2.73401,-14.29045
130.169,-2.42115,2.5233,-14.33894
130.234,-2.53153,2.31854,-14.34472
130.357,-2.50847,2.07084,-14.37005
130.47,-2.54673,1.5888,-14.38453
130.529,-2.55679,1.53308,-14.4022
130.655,-2.40657,0.80348,-14.44719
130.774,-2.12765,0.88453,-14.47578
130.833,-2.09928,0.91019,-14.48357
130.951,-2.28786,0.73708,-14.51171
131.077,-2.13715,0.96945,-14.56089
131.134,-2.09947,0.96802,-14.57501
131.247,-2.09846,0.80014,-14.58197
131.371,-1.9671,0.86402,-14.62962
131.43,-1.774,1.14245,-14.64597
131.551,-1.90048,0.93397,-14.68528
131.667,-1.8295,1.17232,-14.73777
131.729,-1.69749,1.2404,-14.76614
131.849,-1.71618,1.23668,-14.77239
131.967,-1.80007,0.92025,-14.8049
132.033,-1.76621,0.57736,-14.84869
132.149,-1.73006,0.27711,-14.88544
132.273,-1.84131,0.44967,-14.91471
132.339,-1.74615,0.58215,-14.92959
132.454,-1.73437,0.6951,-14.95551
132.57,-1.67779,0.17236,-15.00799
132.632,-1.57839,0.10483,-15.0172
132.762,-1.49548,0.0001,-15.03998
132.881,-1.46103,-0.07741,-15.06531
132.933,-1.42445,0.1748,-15.08037
133.05,-1.21707,0.68714,-15.11668
133.172,-1.54566,0.49379,-15.14257
133.233,-1.5538,0.46779,-15.16497
133.35,-1.543,0.29936,-15.20384
133.474,-1.48422,0.07568,-15.24998
133.536,-1.60455,0.00958,-15.25809
133.654,-1.81504,0.10258,-15.27553
133.771,-2.16917,0.37395,-15.25791
133.83,-2.10272,0.30373,-15.24384
133.957,-1.78947,0.18693,-15.18898
134.07,-1.73133,0.51009,-15.20467
134.137,-1.9519,0.01805,-15.19608
134.253,-2.29057,-0.07352,-15.17465
134.375,-2.0148,-0.29743,-15.14886
134.439,-2.20143,-0.26792,-15.1283
134.581,-2.32556,0.09232,-15.15209
134.679,-2.48999,0.02236,-15.13474
134.735,-2.49715,-0.09448,-15.12587
134.853,-2.4216,-0.63403,-15.12195
134.984,-2.11943,0.08632,-15.10363
135.033,-1.71309,0.5021,-15.10748
135.155,-1.73555,0.58213,-15.10383
135.273,-1.98752,0.90685,-15.09485
135.331,-2.06775,0.7928,-15.0856
135.452,-2.26326,0.80846,-15.08745
135.571,-2.34898,1.22949,-15.08865
135.633,-2.5527,1.1347,-15.08092
135.764,-2.41106,1.53887,-15.07115
135.875,-2.52379,1.38878,-15.08932
135.939,-2.72962,1.21459,-15.09041
136.053,-2.75845,1.22281,-15.09486
136.175,-2.80375,0.93866,-15.10193
136.234,-2.64739,1.08511,-15.11177
136.355,-2.53176,1.06369,-15.13967
136.475,-2.43783,1.09305,-15.15032
136.533,-2.42874,1.28914,-15.15679
136.666,-2.68863,1.4966,-15.173
136.775,-2.77889,1.35736,-15.18081
136.835,-2.70545,1.42036,-15.18816
136.956,-2.77242,1.23123,-15.21126
137.106,-2.95725,1.25957,-15.19948
137.134,-2.87306,1.57886,-15.20478
137.26,-2.80045,1.89503,-15.21291
137.382,-2.6827,2.02451,-15.21267
137.433,-2.69704,2.07117,-15.20743
137.554,-2.73264,2.02984,-15.21368
137.679,-2.78268,2.15677,-15.21597
137.734,-2.77805,2.03143,-15.20987
137.858,-2.68453,2.0337,-15.20968
137.974,-2.66148,2.1887,-15.20911
138.04,-2.64982,2.11165,-15.197
138.157,-2.63817,2.28127,-15.20204
138.275,-2.63861,2.22513,-15.19334
138.341,-2.43131,2.33024,-15.19643
138.462,-2.39968,2.32703,-15.21046
138.578,-2.45764,2.60052,-15.21801
138.636,-2.5347,2.63896,-15.22709
138.759,-2.72932,2.6589,-15.24257
138.881,-2.86802,2.88432,-15.22922
138.936,-2.85304,3.04069,-15.21775
139.06,-2.8585,3.1405,-15.17512
139.175,-2.84873,3.24241,-15.09985
139.238,-2.92962,3.19879,-15.05494
139.356,-2.80183,3.18066,-14.94799
139.477,-2.92168,2.91554,-14.87491
139.568,-3.00027,2.96205,-14.83973
139.657,-2.80577,3.27703,-14.76698
139.777,-2.7509,3.50567,-14.69819
139.845,-2.67527,3.53439,-14.69463
139.961,-2.60402,3.37896,-14.697
140.079,-2.71843,3.59938,-14.69758
140.141,-2.77692,3.72275,-14.69934
140.271,-2.84252,3.60575,-14.70527
140.378,-2.89081,3.78322,-14.70792
140.436,-2.9318,3.98602,-14.71084
140.557,-2.71429,4.31574,-14.69745
140.696,-2.43444,4.20231,-14.69818
140.742,-2.27918,4.67253,-14.68674
140.858,-2.07261,4.38769,-14.68842
140.98,-1.95617,4.45169,-14.70376
141.037,-2.00377,4.39591,-14.70479
141.157,-2.19033,4.07092,-14.68597
141.279,-2.11549,4.37139,-14.66339
141.338,-2.05303,4.49485,-14.67132
141.461,-1.78643,4.75094,-14.68745
141.577,-1.81115,4.66651,-14.71084
141.646,-1.79788,4.58396,-14.72749
141.758,-1.7736,4.72347,-14.75336
141.88,-1.77241,5.05736,-14.7657
141.947,-1.81693,5.24076,-14.77309
142.07,-1.79404,5.36546,-14.79869
142.184,-1.72695,5.16633,-14.85014
142.242,-1.7378,5.11977,-14.85658
142.371,-1.86799,5.08234,-14.86693
142.486,-1.80872,5.53818,-14.88953
142.538,-1.82835,5.54957,-14.90101
142.661,-1.90348,5.43711,-14.91929
142.779,-1.91892,5.48914,-14.93459
142.841,-1.91272,5.52218,-14.93303
142.958,-1.90077,5.56189,-14.93688
143.095,-1.73266,5.62247,-14.94266
143.142,-1.50329,5.49939,-14.93431
143.258,-1.28021,5.4735,-14.94167
143.382,-1.02864,5.5895,-14.94646
143.462,-0.94305,5.62869,-14.95452
143.564,-0.78444,5.43679,-14.95381
143.682,-0.74996,5.78326,-14.95827
143.741,-0.85999,5.99564,-14.95856
143.871,-0.91005,5.7904,-14.99489
143.984,-1.21092,5.29646,-14.99484
144.039,-1.31172,4.77837,-15.00645
144.161,-1.53285,4.31604,-14.99036
144.292,-1.54693,5.136,-14.97884
144.343,-1.44496,5.52118,-15.00006
144.461,-1.54255,4.78738,-15.04317
144.584,-1.27975,4.21262,-15.12542
144.642,-1.19299,4.37626,-15.12135
144.76,-0.88048,4.28046,-15.13386
144.881,-0.73387,4.6064,-15.16541
144.943,-0.67914,4.56027,-15.1684
145.065,-0.26828,5.81595,-15.32567
145.182,-0.57409,5.85818,-15.373
145.249,-0.37539,5.50097,-15.41425
145.364,-0.88761,5.00227,-15.38779
145.482,-1.00684,4.11888,-15.3863
145.567,-1.21108,3.61294,-15.35589
145.678,-1.22016,3.73564,-15.36317
145.783,-1.56617,4.28466,-15.37878
145.841,-1.29814,5.15263,-15.41068
145.971,-1.45532,6.16007,-15.45188
146.091,-2.03681,5.86042,-15.42962
146.145,-2.26988,5.68459,-15.44674
146.271,-2.14526,4.66159,-15.48551
146.404,-2.27437,4.10139,-15.49668
146.442,-2.23137,4.29449,-15.48882
146.567,-2.07883,4.57141,-15.46755
146.689,-2.16205,4.33369,-15.45285
146.744,-2.12868,4.18885,-15.44673
146.862,-1.99333,4.17181,-15.44739
146.984,-2.0066,3.94785,-15.45314
147.043,-2.02343,3.82665,-15.45731
147.165,-2.0412,3.7333,-15.45893
147.282,-2.21111,3.60994,-15.46261
147.346,-2.38878,3.60579,-15.4615
147.467,-2.39877,3.34228,-15.50268
147.584,-2.56326,2.90821,-15.51282
147.654,-2.63027,2.69631,-15.5148
147.771,-2.59398,2.79887,-15.53843
147.883,-2.57132,2.79634,-15.56963
147.949,-2.56818,2.61912,-15.57958
148.063,-2.56444,2.4596,-15.58748
148.195,-2.49557,2.49664,-15.61491
148.243,-2.62613,2.49563,-15.61526
148.366,-2.55423,2.33187,-15.63945
148.43,-2.55429,2.35104,-15.65146
148.544,-2.64624,2.37545,-15.66186
148.667,-2.77359,2.42253,-15.68734
148.787,-2.68415,2.34488,-15.6866
148.845,-2.71749,2.28028,-15.69062
148.964,-2.66751,2.06205,-15.71251
149.057,-2.73926,1.93861,-15.7192
149.157,-2.65675,2.10524,-15.71768
149.267,-2.73769,1.98318,-15.72358
149.339,-2.80047,1.95372,-15.71213
149.456,-2.70919,1.76402,-15.73376
149.571,-2.69977,1.83074,-15.724
149.626,-2.70195,1.97574,-15.71255
149.747,-2.62624,1.98232,-15.69149
149.872,-2.48102,2.07099,-15.60344
149.925,-2.3948,2.02446,-15.56511
150.046,-2.34489,1.97,-15.48053
150.166,-2.08071,1.99576,-15.42902
150.23,-2.04792,1.95265,-15.38796
150.348,-2.05683,1.88365,-15.28458
150.467,-2.00972,1.88046,-15.22689
150.528,-2.05786,1.88354,-15.20361
150.65,-2.07235,1.85139,-15.17628
150.766,-2.03733,1.83746,-15.14125
150.835,-2.09811,1.91596,-15.09556
150.955,-2.02171,1.89112,-15.0716
151.07,-2.13467,1.66076,-15.04376
151.137,-2.11555,1.59354,-15.02372
151.275,-1.97055,1.53,-14.98718
151.371,-1.83882,1.9684,-14.91452
151.428,-1.68567,2.2504,-14.88932
151.549,-1.52046,2.15479,-14.88231
151.675,-1.65593,2.15679,-14.87479
151.728,-1.73783,2.11846,-14.87297
151.848,-1.74606,2.57769,-14.88151
151.971,-1.80464,2.66059,-14.88642
152.029,-1.79964,2.77959,-14.89231
152.147,-1.63816,2.78699,-14.91965
152.269,-1.47181,2.9959,-14.96107
152.328,-1.42507,3.2351,-14.97559
152.448,-1.44102,3.31575,-14.99954
152.569,-1.60755,3.50684,-15.00789
152.637,-1.62942,3.69347,-15.0196
152.751,-1.74559,3.74643,-15.05529
152.869,-1.87511,3.75839,-15.07675
152.942,-1.877,3.74205,-15.08533
153.05,-1.8837,4.01563,-15.11078
153.169,-1.936,4.19465,-15.14993
153.24,-1.98664,4.07446,-15.17376
153.39,-2.00444,3.89995,-15.18895
153.488,-2.1429,3.90293,-15.18117
153.532,-2.23878,4.00768,-15.16432
153.651,-2.22588,3.97379,-15.08228
153.769,-2.21249,4.30603,-14.97526
153.829,-2.23173,4.51793,-14.95117
153.948,-2.16763,4.55465,-14.92515
154.073,-2.11639,5.52364,-14.91174
154.13,-2.29165,5.55024,-14.90405
154.251,-2.27352,4.94974,-14.88323
154.372,-2.28811,5.2365,-14.83055
154.441,-2.21066,5.58066,-14.82787
154.55,-2.11442,5.63847,-14.8403
154.669,-2.22432,4.98499,-14.80329
154.736,-2.1017,4.99402,-14.77744
154.85,-1.87442,6.30955,-14.71274
154.988,-1.85829,6.82556,-14.62407
155.03,-1.79301,7.22852,-14.59112
155.162,-1.21342,7.0171,-14.61944
155.273,-1.27989,6.27812,-14.6145
155.331,-1.31053,6.09128,-14.63292
155.455,-1.37005,5.82791,-14.62718
155.574,-1.51187,6.1832,-14.59231
155.632,-1.59858,6.20083,-14.57528
155.753,-1.54455,6.43558,-14.5751
155.877,-1.59388,6.53923,-14.58549
155.933,-1.65103,6.63247,-14.6076
156.051,-1.6588,6.22445,-14.66256
156.174,-1.73261,6.19539,-14.68994
156.243,-1.83489,6.01865,-14.69421
156.355,-1.93322,5.86626,-14.73651
156.471,-1.90166,6.03328,-14.74648
156.537,-1.85047,6.18208,-14.76436
156.66,-1.86587,5.82577,-14.79101
156.772,-1.84295,5.77889,-14.82035
156.834,-1.83302,5.72642,-14.81404
156.988,-1.70342,5.84213,-14.82752
157.079,-1.64425,5.70928,-14.85356
157.136,-1.48434,5.61896,-14.88059
157.254,-1.4253,5.10957,-14.89273
157.399,-1.58641,4.77766,-14.90382
157.436,-1.56831,4.81316,-14.93687
157.557,-1.59281,4.75315,-14.97457
157.675,-1.54507,4.36735,-14.99423
157.734,-1.494,4.45976,-15.01525
157.857,-1.7194,4.16256,-15.03127
157.973,-1.6598,4.90796,-15.02538
158.037,-1.57949,5.35191,-15.03686
158.156,-1.51874,5.92911,-15.08987
158.272,-1.68389,5.34924,-15.09354
158.339,-1.78946,4.92223,-15.11101
158.454,-1.70284,4.65351,-15.13511
158.575,-1.87053,5.34063,-15.15926
158.644,-1.83395,5.3844,-15.16185
158.767,-1.76959,4.98477,-15.17892
158.873,-1.85887,4.01187,-15.17735
158.934,-1.79503,3.95166,-15.19111
159.059,-1.68199,3.74236,-15.23035
159.176,-1.44271,3.46871,-15.24916
159.236,-1.47126,3.23899,-15.25456
159.354,-1.28633,2.75583,-15.27964
159.489,-1.36849,2.61871,-15.32538
159.537,-1.30619,2.56513,-15.3356
159.656,-1.29915,2.52996,-15.34495
159.776,-1.39197,2.12017,-15.37223
159.839,-1.40577,1.84833,-15.39933
159.957,-1.4982,1.6982,-15.43551
160.078,-1.56443,1.70541,-15.46221
160.134,-1.59272,1.81682,-15.4692
160.256,-1.60618,1.93306,-15.44878
160.383,-1.66393,1.99942,-15.42745
160.437,-1.65546,2.02297,-15.4104
160.557,-1.65506,2.31863,-15.3678
160.677,-1.55867,2.43603,-15.36599
160.761,-1.50968,2.42168,-15.36732
160.861,-1.53786,2.00797,-15.35274
160.979,-1.55048,1.75062,-15.33846
161.041,-1.5395,1.85409,-15.31974
161.176,-1.33665,2.08628,-15.28743
161.283,-1.28762,1.79465,-15.2623
161.338,-1.36631,1.66774,-15.24753
161.459,-1.39553,2.01144,-15.21895
161.6,-1.55125,2.59245,-15.20555
161.637,-1.53082,2.85218,-15.18865
161.756,-1.757,2.93499,-15.1798
161.88,-2.10568,2.72298,-15.17381
161.941,-2.10051,2.7396,-15.16638
162.057,-2.21919,2.87284,-15.14631
162.18,-2.3769,3.20912,-15.13976
162.237,-2.47034,3.47666,-15.14956
162.357,-2.61837,4.23083,-15.138
162.48,-2.62518,5.22968,-15.09872
162.543,-2.65947,5.41431,-15.07801
162.659,-2.81715,5.75809,-15.072
162.78,-2.74452,5.934,-15.06984
162.846,-2.59745,6.02508,-15.06747
162.968,-2.36206,6.46769,-15.02775
163.08,-2.26374,6.68683,-15.035
163.14,-2.20811,6.80818,-15.04772
163.259,-2.10388,7.06118,-15.03749
163.386,-1.78382,7.59699,-15.02687
163.447,-1.76379,7.87533,-15.0157
163.56,-1.78217,8.21823,-15.00837
163.697,-1.81611,8.58531,-15.03342
163.737,-1.81078,8.7252,-15.03369
163.865,-1.86906,9.19496,-15.02482
163.985,-2.01067,9.33778,-15.03283
164.041,-2.01628,9.36987,-15.03797
164.159,-2.09682,9.36854,-15.04131
164.284,-2.17974,9.51097,-15.05155
164.344,-2.12141,9.67626,-15.05247
164.46,-2.14825,9.83261,-15.04817
164.582,-2.20868,10.08115,-15.04677
164.646,-2.16671,10.11173,-15.05385
164.761,-2.0409,10.18214,-15.04928
164.882,-1.90098,10.44002,-15.02992
164.952,-1.84805,10.53371,-15.0424
165.072,-1.83754,10.70934,-15.03095
165.182,-1.73024,10.83962,-15.06669
165.241,-1.76363,10.85581,-15.07075
165.383,-1.60079,10.75002,-15.06748
165.483,-1.5391,10.84865,-15.07866
165.541,-1.48764,10.9527,-15.08922
165.668,-1.49596,11.09774,-15.08259
165.791,-1.49447,11.16807,-15.07947
165.841,-1.44186,11.26662,-15.09816
165.96,-1.41029,11.40233,-15.11517
166.083,-1.38085,11.53185,-15.13717
166.14,-1.38981,11.56858,-15.14562
166.265,-1.47044,11.62115,-15.1604
166.38,-1.42167,11.77861,-15.12258
166.444,-1.32511,11.79137,-15.11382
166.563,-1.19104,11.86718,-15.14621
166.682,-1.23231,11.82704,-15.13198
166.747,-1.23164,11.5716,-15.13352
166.862,-1.20218,11.39724,-15.12911
166.987,-1.12232,11.02091,-15.11252
167.044,-1.11266,10.9217,-15.11093
167.177,-1.20296,10.58535,-15.11081
167.282,-1.34963,10.1408,-15.10511
167.343,-1.35271,9.95584,-15.09709
167.469,-1.33862,9.6128,-15.07776
167.598,-1.16369,9.29965,-15.09916
167.645,-1.132,9.21105,-15.09606
167.773,-1.10898,9.24119,-15.11531
167.891,-1.13645,9.07163,-15.19558
167.943,-1.21732,8.39491,-15.19804
168.067,-1.28292,7.34768,-15.13681
168.187,-1.04962,7.90672,-15.15827
168.242,-0.96021,8.33931,-15.15194
168.363,-0.92187,8.42448,-15.12551
168.484,-0.91563,7.56253,-15.12949
168.554,-1.00009,7.22511,-15.12798
168.667,-1.19497,6.87194,-15.13526
168.783,-1.27342,6.7292,-15.13436
168.853,-1.27769,6.65914,-15.14072
168.969,-1.27863,6.48097,-15.14153
169.086,-1.41448,6.04374,-15.13314
169.151,-1.43989,5.73566,-15.14589
169.263,-1.28209,5.32915,-15.15652
169.407,-1.30599,4.89866,-15.15814
169.443,-1.33809,4.76833,-15.15506
169.564,-1.64151,4.57975,-15.13618
169.628,-1.55116,5.10817,-15.14354
169.747,-1.46576,6.06479,-15.079
169.864,-1.33597,5.70046,-15.11927
169.928,-1.48364,4.83672,-15.14329
170.044,-1.8692,2.85255,-15.1832
170.166,-1.79391,2.26052,-15.1989
170.288,-1.65577,2.80081,-15.17154
170.346,-1.62461,2.7739,-15.17334
170.469,-1.80195,2.44014,-15.15525
170.59,-1.87582,2.15335,-15.16517
170.651,-1.9297,1.84936,-15.15863
170.764,-1.7982,1.43258,-15.15846
170.829,-1.82578,1.23251,-15.15065
170.969,-1.82137,0.65068,-15.14196
171.073,-2.01243,0.43949,-15.15169
171.128,-1.89884,0.21285,-15.12756
171.253,-1.92123,-0.12903,-15.12855
171.376,-2.05012,-0.31584,-15.15654
171.425,-2.11799,-0.51823,-15.17241
171.551,-2.06531,-0.71324,-15.24739
171.667,-1.82926,-0.94736,-15.42871
171.727,-1.87648,-1.09438,-15.48731
171.846,-1.90696,-1.32177,-15.62839
171.966,-1.88127,-1.34395,-15.79828
172.03,-1.90183,-1.45049,-15.8814
172.149,-1.79237,-1.65396,-16.10752
172.267,-1.81007,-1.62094,-16.31481
172.337,-1.73108,-1.28386,-16.42441
172.457,-1.47242,-1.2908,-16.63209
172.569,-1.17598,-1.32625,-17.1432
172.63,-1.10242,-1.23691,-17.33759
172.746,-1.05997,-1.20087,-17.65217
172.88,-1.16614,-0.74487,-18.02881
172.927,-1.18519,-0.55399,-18.24754
173.049,-0.92112,-0.46058,-18.92529
173.168,-0.65951,-0.15645,-19.49572
173.227,-0.48594,-0.02165,-19.79537
173.349,-0.25885,0.1015,-20.38857
173.468,-0.20984,0.30687,-21.07128
173.537,-0.18839,0.53679,-21.79712
173.667,0.03472,0.75334,-22.59837
173.771,0.28784,0.90436,-23.48661
173.829,0.37097,0.99657,-23.95464
173.948,0.37532,1.23546,-24.93821
174.095,0.48949,1.31843,-26.51539
174.132,0.63349,1.40807,-27.08403
174.251,1.02221,1.62614,-28.30718
174.368,1.16242,1.78579,-29.6497
174.43,1.17051,1.90225,-30.3435
174.554,1.13084,2.0455,-32.48846
174.67,1.36603,2.1097,-33.97118
174.741,1.67329,2.1295,-34.70592
174.849,2.14451,2.0261,-36.19843
174.975,2.39704,2.0867,-38.57561
175.033,2.44188,2.12228,-39.36695
175.161,2.54624,2.20806,-40.96158
175.27,2.65759,2.19702,-42.59796
175.355,2.75492,2.2165,-43.42902
175.473,3.07488,2.21747,-45.88179
175.578,3.40361,2.17748,-47.51404
175.63,3.50063,2.12302,-48.34693
175.749,3.50612,2.12256,-49.99969
175.875,3.4324,2.09193,-51.62978
175.934,3.39533,2.04265,-53.26266
176.054,3.42897,2.00276,-54.92653
176.175,3.59358,2.17303,-56.57052
176.231,3.74631,2.10814,-57.39618
176.353,4.03251,1.84839,-59.07341
176.471,4.07552,1.7875,-61.53977
176.532,3.97821,1.68978,-62.39614
176.651,4.13798,1.55018,-64.04256
176.771,4.26391,1.36664,-65.64504
176.852,4.22317,1.29987,-66.43583
176.954,3.92894,0.81319,-68.59574
177.07,3.83723,0.52992,-69.81956
177.168,3.7072,0.52188,-70.43629
177.254,3.50263,0.39262,-71.67704
177.375,3.20213,0.67936,-73.11526
177.43,3.10453,0.69547,-73.55247
177.58,2.80578,0.70662,-74.42128
177.676,2.64691,0.81526,-75.14218
177.733,2.63772,0.89924,-75.45109
177.86,3.00769,0.9214,-76.27119
177.986,3.41253,0.86384,-76.71024
178.034,3.62647,0.87611,-76.90739
178.153,3.86904,1.22403,-77.33784
178.272,3.91773,1.47958,-77.87096
178.334,4.26841,1.58656,-78.38686
178.453,4.67442,1.69758,-78.86543
178.574,5.24882,1.7126,-79.38479
178.631,5.33191,1.71022,-79.61532
178.752,5.43439,1.88639,-79.93414
178.872,5.10548,2.12927,-80.30356
178.943,4.97774,2.20689,-80.36166
179.057,5.08347,2.61762,-80.49914
179.173,5.4631,2.82796,-80.65289
179.24,5.834,2.95043,-80.69392
179.359,5.69793,3.01189,-80.80203
179.474,5.28594,3.26296,-80.94018
179.535,4.98795,3.26519,-80.96476
179.666,4.85816,3.06393,-81.06574
179.779,5.22251,2.49449,-81.18031
179.841,5.20086,2.27758,-81.15969
179.954,4.79288,2.06511,-81.09535
180.102,3.89704,2.03147,-81.00269
180.133,3.56002,2.01883,-80.92995
180.255,3.25206,1.84032,-80.68531
180.375,3.43056,2.09611,-80.52034
180.434,3.45954,2.25427,-80.42728
180.555,3.46249,2.324,-80.23633
180.676,3.25751,2.36675,-80.04786
180.739,3.03928,2.53995,-79.87806
180.856,2.92555,2.57191,-79.71793
180.977,2.98167,2.61521,-79.56268
181.038,3.13389,2.79833,-79.49017
181.156,3.09078,3.05985,-79.26082
181.277,2.52843,3.29635,-78.63219
181.347,2.33467,3.41559,-78.38256
181.465,1.94525,3.38901,-77.85194
181.576,1.83224,3.34129,-77.24834
181.637,1.8817,3.25083,-76.96168
181.781,2.28672,2.81391,-76.03487
181.881,2.49251,2.44362,-75.38227
181.937,2.44565,2.40656,-75.03134
182.055,2.17735,2.44385,-74.31847
182.192,1.76595,2.67121,-73.18648
182.236,1.66814,2.68318,-72.79245
182.363,1.63357,2.83935,-72.00377
182.48,1.59598,2.90321,-71.18903
182.539,1.59912,2.84399,-70.77229
182.661,1.58248,2.50837,-69.48137
182.777,1.43412,2.26556,-68.6374
182.837,1.33609,2.18768,-68.2052
182.957,1.10751,2.17839,-67.31703
183.079,0.92939,2.04484,-66.4248
183.143,0.86821,1.99744,-65.53806
183.262,0.81355,1.8634,-64.60995
183.379,0.75154,1.64062,-63.71227
183.457,0.76946,1.42385,-63.29951
183.579,0.82856,1.16204,-62.51484
183.677,0.64215,0.90959,-61.41059
183.737,0.56584,0.75405,-61.02577
183.885,0.33021,0.31399,-60.22597
183.98,0.15794,-0.00622,-59.42094
184.04,0.01689,-0.11253,-59.01825
184.16,-0.31425,-0.39435,-57.79209
184.284,-0.2863,-0.28327,-56.93659
184.343,-0.4329,-0.28372,-56.49563
184.462,-0.6739,-0.55562,-55.61233
184.581,-1.24033,-0.69057,-54.06785
184.638,-1.4057,-0.79093,-53.54194
184.761,-1.35755,-1.05079,-52.43233
184.879,-1.3488,-1.04029,-51.30426
184.941,-1.35889,-0.93783,-50.75815
185.061,-1.51066,-0.82917,-49.08483
185.18,-1.77952,-0.71757,-47.97281
185.247,-1.907,-0.82218,-47.39656
185.36,-2.28256,-1.00268,-46.17746
185.48,-2.56728,-1.41668,-44.94427
185.545,-2.70443,-1.61545,-43.70969
185.664,-2.78172,-1.53363,-42.4422
185.784,-2.94262,-1.41031,-41.16177
185.839,-2.96067,-1.36628,-40.51735
185.986,-3.16477,-1.38552,-39.25591
186.087,-3.29863,-1.41482,-37.32205
186.143,-3.34684,-1.43958,-36.67409
186.266,-3.54911,-1.293,-35.40697
186.379,-3.73902,-1.22391,-34.13931
186.442,-3.8495,-1.17164,-33.50757
186.559,-3.73272,-0.91013,-31.67992
186.709,-3.70369,-0.72466,-30.53251
186.74,-3.61987,-0.4848,-29.99234
186.86,-3.49823,-0.11495,-28.95659
186.983,-3.22991,0.2037,-27.55101
187.042,-3.1775,0.30586,-27.12053
187.166,-2.99589,0.46678,-26.28749
187.281,-2.5431,0.58975,-25.4796
187.356,-2.38311,0.58981,-25.08108
187.479,-2.03341,0.85428,-23.98646
187.581,-1.79283,0.9814,-23.38522
187.641,-1.73728,0.95109,-23.09586
187.775,-1.61826,0.96136,-22.49577
187.886,-1.59797,1.04301,-21.90414
187.945,-1.64963,1.18052,-21.34317
188.067,-1.79095,1.26553,-20.77217
188.183,-1.86195,1.24642,-20.26855
188.242,-1.79076,1.36675,-20.03839
188.362,-1.65197,1.61391,-19.64234
188.487,-1.70165,1.94856,-19.09257
188.545,-1.8271,1.92804,-18.92297
188.662,-2.09569,2.19483,-18.59828
188.781,-2.2553,2.28932,-18.25363
188.842,-2.34117,2.35273,-18.09228
188.964,-2.39851,2.77863,-17.64759
189.083,-2.30969,3.1922,-17.29614
189.16,-2.235,3.37833,-17.13791
189.269,-2.03501,3.99139,-16.90027
189.382,-2.0832,4.07866,-16.64682
189.444,-2.33304,4.238,-16.41728
189.57,-2.43366,4.4838,-16.20718
189.689,-2.23225,4.72015,-16.03348
189.748,-1.9989,4.84327,-15.98488
189.883,-1.54379,5.10455,-15.95569
189.927,-1.48553,5.45245,-15.94526
190.044,-1.62112,6.10325,-15.9589
190.165,-1.73675,7.00697,-15.93783
190.291,-1.65414,7.59196,-15.95747
190.343,-1.62199,7.68011,-15.98302
190.463,-1.59836,7.52069,-16.00373
190.585,-1.67468,7.47233,-16.00795
190.646,-1.73128,7.60788,-16.00218
190.764,-1.83582,8.03271,-16.01606
190.891,-1.85374,8.37757,-16.03224
190.952,-1.81407,8.49125,-16.04674
191.066,-1.82136,8.67449,-16.09957
191.13,-1.86473,8.77132,-16.10816
191.255,-1.92684,8.9719,-16.10643
191.376,-1.9551,9.25828,-16.14351
191.484,-1.97907,9.3893,-16.15842
